<?xml version="1.0" encoding="UTF-8"?>
<GenRun Id="MIG7_synth_1" LaunchPart="xc7a100tcsg324-3" LaunchTime="1451709624">
  <File Type="RDS-DCP" Name="MIG7.dcp"/>
  <File Type="RUN-CONSTRS" Name="$PDATADIR/runs/MIG7_synth_1/constrs_in.xml"/>
  <File Type="RDS-UTIL-PB" Name="MIG7_utilization_synth.pb"/>
  <File Type="RUN-SRCS" Name="$PDATADIR/runs/MIG7_synth_1/sources.xml"/>
  <File Type="RDS-PROPCONSTRS" Name="MIG7_drc_synth.rpt"/>
  <File Type="PA-TCL" Name="MIG7.tcl"/>
  <File Type="RUN-STRAT" Name="$PDATADIR/runs/MIG7_synth_1/MIG7_synth_1.psg"/>
  <File Type="RDS-RDS" Name="MIG7.vds"/>
  <File Type="RDS-UTIL" Name="MIG7_utilization_synth.rpt"/>
  <File Type="VDS-TIMINGSUMMARY" Name="MIG7_timing_summary_synth.rpt"/>
  <File Type="VDS-TIMING-PB" Name="MIG7_timing_summary_synth.pb"/>
  <FileSet Name="sources" Type="BlockSrcs" RelSrcDir="$PSRCDIR/MIG7">
    <File Path="$PSRCDIR/sources_1/ip/MIG7/MIG7.xci">
      <FileInfo>
        <Attr Name="UsedIn" Val="synthesis"/>
        <Attr Name="UsedIn" Val="implementation"/>
        <Attr Name="UsedIn" Val="simulation"/>
      </FileInfo>
    </File>
    <Config>
      <Option Name="TopModule" Val="MIG7"/>
      <Option Name="UseBlackboxStub" Val="1"/>
    </Config>
  </FileSet>
  <FileSet Name="constrs_in" Type="BlockSrcs" RelSrcDir="$PSRCDIR/MIG7">
    <File Path="$PSRCDIR/sources_1/ip/MIG7/MIG7.xci">
      <FileInfo>
        <Attr Name="UsedIn" Val="synthesis"/>
        <Attr Name="UsedIn" Val="implementation"/>
        <Attr Name="UsedIn" Val="simulation"/>
      </FileInfo>
    </File>
    <Config>
      <Option Name="TopModule" Val="MIG7"/>
      <Option Name="UseBlackboxStub" Val="1"/>
    </Config>
  </FileSet>
  <Strategy Version="1" Minor="2">
    <StratHandle Name="Vivado Synthesis Defaults" Flow="Vivado Synthesis 2015"/>
    <Step Id="synth_design"/>
  </Strategy>
</GenRun>
